,k1,def,def_v
0,-0.004,13.3125,1.65234375
1,-0.005,18.813333333333333,4.81848888888889
2,-0.006,24.39189189189189,21.48155588020453
3,-0.007,27.784313725490197,4.051518646674356
4,-0.008,29.32,16.2176
5,-0.009,27.603448275862068,11.99791914387634
6,-0.01,29.229508196721312,36.012899758129535
7,-0.02,42.6875,31.77734375
8,-0.03,55.625,54.234375
9,-0.04,58.84,62.37440000000001
10,-0.05,67.90243902439025,87.40511600237954
11,-0.06,79.51219512195122,72.56692444973231
12,-0.07,87.5909090909091,51.96900826446281
13,-0.08,89.19753086419753,79.0720926688005
14,-0.09,92.24369747899159,69.5288468328508
15,-0.1,98.5,135.98170731707316
16,-0.2,139.9142857142857,120.02122448979594
17,-0.3,165.02857142857144,211.85632653061222
18,-0.4,183.17142857142858,166.48489795918366
19,-0.5,192.31578947368422,84.21606648199446
20,-0.6,204.66666666666666,233.40170940170944
21,-0.7,213.9,225.94
22,-0.8,221.04166666666666,209.87326388888883
23,-0.9,226.5,287.1730769230769
24,-1.0,233.28571428571428,235.06122448979593
25,-2.0,267.4318181818182,342.85141184573007
26,-3.0,280.87857142857143,336.3638265306123
27,-4.0,287.54347826086956,332.59593572778823
28,-5.0,289.5072463768116,340.88762864944334
29,-6.0,292.4146341463415,375.3158834027365
30,-7.0,293.8225806451613,417.77497398543187
31,-8.0,296.7,332.2561538461539
32,-9.0,293.87719298245617,310.5112342259157
33,-10.0,300.1194029850746,395.1051459122299
34,-20.0,300.3030303030303,236.08999081726355
35,-30.0,301.97727272727275,291.9313016528925
36,-40.0,304.1296296296296,417.14986282578866
37,-50.0,304.03636363636366,519.2350413223141
38,-60.0,309.2068965517241,592.71581450654
39,-70.0,306.7,471.60999999999996
40,-80.0,306.6923076923077,379.0207100591716
41,-90.0,305.27027027027026,415.46749452154853
42,-100.0,301.4776119402985,486.87636444642453
