,k1,epr,epr_v
0,-0.02,0.00044448985079631535,6.642367266137948e-09
1,-0.05,0.008694794055717565,5.870107391543265e-06
2,-0.1,0.04506383760979937,6.0823538877587325e-05
3,-0.2,0.19775156702239552,0.0006524315388011512
4,-0.5,1.0056974015104059,0.01785389463178871
5,-1.0,2.699286788281144,0.17280237532849882
6,-2.0,5.403687243136491,1.1124824097331263
7,-5.0,9.382624222442711,3.596203354852312
8,-10.0,12.482336556717206,7.093691746390349
9,-20.0,13.495747995471913,11.894673888199755
10,-50.0,15.236577851552017,14.518869455582953
11,-100.0,15.319997412192432,13.408280610646196
