,t,msd,var,lt
0,0.0,0.0,,46673
1,3.4223134839151266,0.8439250335762306,1680376.8987514942,2945
2,6.844626967830253,2.0053687236215922,1680376.8987514942,1340
3,10.26694045174538,3.752893349469372,1676897.3431958654,487
4,13.689253935660506,6.0941005393505066,1671913.3431958565,365
5,17.111567419575632,9.043600293498583,1666389.6231958559,184
6,20.53388090349076,12.485007757803944,1659783.6054180788,117
7,23.956194387405887,16.40019258825593,1651453.641699259,129
8,27.378507871321013,20.75672869072197,1641341.5396584426,60
9,30.80082135523614,25.566344492732323,1630768.4933621455,59
10,34.223134839151264,30.68057639487943,1616362.9387942438,36
11,37.64544832306639,36.09362651464167,1601169.5477198637,42
12,41.06776180698152,41.91482074737324,1585352.644368165,19
13,44.49007529089665,47.97243396306607,1568371.758766587,15
14,47.912388774811774,54.25710325332883,1551258.1051015712,22
15,51.3347022587269,60.93708148822936,1527725.1706798025,13
16,54.757015742642025,67.90526474948243,1505291.844915914,11
17,58.17932922655715,75.17360832947853,1489394.2348380592,10
18,61.60164271047228,82.797371115609,1478293.3177548863,9
19,65.02395619438741,90.42462476603524,1457085.643051559,4
20,68.44626967830253,98.47590700864751,1430983.7809185944,9
21,71.86858316221766,106.65800464174667,1411381.5478120183,4
22,75.29089664613278,115.23228032444827,1393393.6439871276,3
23,78.71321013004791,124.06322175644077,1374752.1621017677,4
24,82.13552361396304,133.33914189047576,1353446.4096731814,1
25,85.55783709787816,142.91947756417855,1331992.185628737,3
26,88.9801505817933,153.1167008824059,1312266.6653447135,2
27,92.40246406570841,163.70582843922406,1289848.0719729061,1
28,95.82477754962355,174.30874043115764,1268022.683328971,1
29,99.24709103353867,185.10939280872455,1250012.1215827505,0
30,102.6694045174538,196.49162320776435,1237672.7637494833,2
31,106.09171800136892,207.68397036538138,1229293.4768030155,1
32,109.51403148528405,219.04387285824754,1209981.3311376928,1
33,112.93634496919918,230.71170581533465,1188769.7937467378,1
34,116.3586584531143,241.20654634089723,1166123.8315897798,0
35,119.78097193702943,249.74304226676065,1130437.7303426927,0
36,123.20328542094455,257.8094155297288,1064743.410874313,0
37,126.62559890485969,267.6514221152429,1047577.4144544697,0
38,130.04791238877482,278.9507042253521,1040401.8890472027,0
39,133.47022587268992,286.2933183919316,975757.3343020922,0
40,136.89253935660506,295.70588235294116,942400.4790769113,0
41,140.3148528405202,302.34263934263936,936310.9913850613,0
42,143.73716632443532,307.67937836222353,916840.6051960824,0
43,147.15947980835045,311.7590596181322,916840.6051960824,1
44,150.58179329226556,311.88573283557866,897185.6168552772,0
45,154.0041067761807,311.52050336298544,829065.635163613,0
46,157.42642026009582,310.92483660130716,829065.635163613,0
47,160.84873374401096,307.0893869835269,574729.7111579344,0
48,164.2710472279261,304.2115021998743,545884.5427575144,0
49,167.6933607118412,305.16920842411037,529387.3350228899,0
50,171.11567419575633,303.91853102574925,518132.6640691207,0
51,174.53798767967146,304.8393144081414,487677.78087896307,0
52,177.9603011635866,301.48218997361477,473601.02874221094,0
53,181.3826146475017,296.47873163186387,366113.2783519817,0
54,184.80492813141683,294.64642262895177,366113.2783519817,0
55,188.22724161533196,292.5153617443013,365125.7692832926,0
56,191.6495550992471,296.339514978602,296513.1453239402,0
57,195.07186858316223,302.4928425357873,166036.82716167992,0
58,198.49418206707733,306.9713024282561,166036.82716167992,0
59,201.91649555099247,312.7098321342926,166036.82716167992,0
60,205.3388090349076,308.72651933701655,161678.31245996585,0
61,208.76112251882273,314.0389221556886,161678.31245996585,0
62,212.18343600273784,320.48692810457516,161678.31245996585,0
63,215.60574948665297,329.1965811965812,160679.9925813226,0
64,219.0280629705681,330.9389671361502,160679.9925813226,0
65,222.45037645448323,333.1666666666667,160679.9925813226,0
66,225.87268993839837,342.7596899224806,139507.99418618236,0
67,229.29500342231347,359.02597402597405,139081.8030801198,0
68,232.7173169062286,346.53731343283584,139081.8030801198,0
69,236.13963039014374,311.01785714285717,132666.99739319846,0
70,239.56194387405887,277.02,27522.211540457844,0
71,242.98425735797397,288.93617021276594,27522.211540457844,0
72,246.4065708418891,301.95454545454544,24575.397660722294,0
73,249.82888432580424,316.04761904761904,24575.397660722294,0
74,253.25119780971937,330.0,24575.397660722294,0
75,256.6735112936345,345.2105263157895,24575.397660722294,0
76,260.09582477754964,360.5,24575.397660722294,0
77,263.51813826146474,375.11764705882354,24575.397660722294,0
78,266.94045174537985,389.0625,24575.397660722294,0
79,270.362765229295,400.46666666666664,24575.397660722294,0
80,273.7850787132101,413.07142857142856,24575.397660722294,0
81,277.2073921971253,422.38461538461536,24575.397660722294,0
82,280.6297056810404,428.3333333333333,24575.397660722294,0
83,284.0520191649555,435.1818181818182,24575.397660722294,0
84,287.47433264887064,435.8,24575.397660722294,0
85,290.89664613278575,436.1111111111111,24575.397660722294,0
86,294.3189596167009,432.125,24575.397660722294,0
87,297.741273100616,427.0,24575.397660722294,0
88,301.1635865845311,419.8333333333333,24575.397660722294,0
89,304.5859000684463,408.8,24575.397660722294,0
90,308.0082135523614,391.75,24575.397660722294,0
91,311.43052703627654,380.6666666666667,24575.397660722294,0
92,314.85284052019165,359.5,24575.397660722294,0
93,318.27515400410675,340.0,24575.397660722294,0
94,321.6974674880219,0.0,0.0,0
95,325.119780971937,0.0,0.0,0
96,328.5420944558522,0.0,0.0,0
97,331.9644079397673,0.0,0.0,0
98,335.3867214236824,0.0,0.0,0
99,338.80903490759755,0.0,0.0,0
100,342.23134839151265,0.0,0.0,0
101,345.65366187542776,0.0,0.0,0
102,349.0759753593429,0.0,0.0,0
103,352.498288843258,0.0,0.0,0
104,355.9206023271732,0.0,0.0,0
105,359.3429158110883,0.0,0.0,0
106,362.7652292950034,0.0,0.0,0
107,366.18754277891856,0.0,0.0,0
108,369.60985626283366,0.0,0.0,0
109,373.0321697467488,0.0,0.0,0
110,376.4544832306639,0.0,0.0,0
111,379.87679671457903,0.0,0.0,0
112,383.2991101984942,0.0,0.0,0
113,386.7214236824093,0.0,0.0,0
114,390.14373716632446,0.0,0.0,0
115,393.56605065023956,0.0,0.0,0
116,396.98836413415466,0.0,0.0,0
117,400.4106776180698,0.0,0.0,0
118,403.83299110198493,0.0,0.0,0
119,407.25530458590003,0.0,0.0,0
120,410.6776180698152,0.0,0.0,0
121,414.0999315537303,0.0,0.0,0
122,417.52224503764546,0.0,0.0,0
123,420.94455852156057,0.0,0.0,0
124,424.36687200547567,0.0,0.0,0
125,427.78918548939083,0.0,0.0,0
126,431.21149897330594,0.0,0.0,0
127,434.6338124572211,0.0,0.0,0
128,438.0561259411362,0.0,0.0,0
129,441.4784394250513,0.0,0.0,0
130,444.90075290896647,0.0,0.0,0
131,448.32306639288157,0.0,0.0,0
132,451.74537987679673,0.0,0.0,0
133,455.16769336071184,0.0,0.0,0
134,458.59000684462694,0.0,0.0,0
135,462.0123203285421,0.0,0.0,0
136,465.4346338124572,0.0,0.0,0
137,468.85694729637237,0.0,0.0,0
138,472.2792607802875,0.0,0.0,0
139,475.7015742642026,0.0,0.0,0
140,479.12388774811774,0.0,0.0,0
141,482.54620123203284,0.0,0.0,0
142,485.96851471594795,0.0,0.0,0
143,489.3908281998631,0.0,0.0,0
144,492.8131416837782,0.0,0.0,0
145,496.2354551676934,0.0,0.0,0
146,499.6577686516085,0.0,0.0,0
147,503.0800821355236,0.0,0.0,0
148,506.50239561943874,0.0,0.0,0
149,509.92470910335385,0.0,0.0,0
150,513.347022587269,0.0,0.0,0
151,516.7693360711841,0.0,0.0,0
152,520.1916495550993,0.0,0.0,0
153,523.6139630390144,0.0,0.0,0
154,527.0362765229295,0.0,0.0,0
155,530.4585900068446,0.0,0.0,0
156,533.8809034907597,0.0,0.0,0
157,537.3032169746749,0.0,0.0,0
158,540.72553045859,0.0,0.0,0
159,544.1478439425051,0.0,0.0,0
160,547.5701574264202,0.0,0.0,0
161,550.9924709103353,0.0,0.0,0
162,554.4147843942505,0.0,0.0,0
163,557.8370978781657,0.0,0.0,0
164,561.2594113620808,0.0,0.0,0
165,564.6817248459959,0.0,0.0,0
166,568.104038329911,0.0,0.0,0
167,571.5263518138262,0.0,0.0,0
168,574.9486652977413,0.0,0.0,0
169,578.3709787816564,0.0,0.0,0
170,581.7932922655715,0.0,0.0,0
171,585.2156057494866,0.0,0.0,0
172,588.6379192334018,0.0,0.0,0
173,592.0602327173169,0.0,0.0,0
174,595.482546201232,0.0,0.0,0
175,598.9048596851471,0.0,0.0,0
176,602.3271731690622,0.0,0.0,0
177,605.7494866529775,0.0,0.0,0
178,609.1718001368926,0.0,0.0,0
179,612.5941136208077,0.0,0.0,0
180,616.0164271047228,0.0,0.0,0
181,619.4387405886379,0.0,0.0,0
182,622.8610540725531,0.0,0.0,0
183,626.2833675564682,0.0,0.0,0
184,629.7056810403833,0.0,0.0,0
185,633.1279945242984,0.0,0.0,0
186,636.5503080082135,0.0,0.0,0
187,639.9726214921287,0.0,0.0,0
188,643.3949349760438,0.0,0.0,0
189,646.8172484599589,0.0,0.0,0
190,650.239561943874,0.0,0.0,0
191,653.6618754277891,0.0,0.0,0
192,657.0841889117044,0.0,0.0,0
193,660.5065023956195,0.0,0.0,0
194,663.9288158795346,0.0,0.0,0
195,667.3511293634497,0.0,0.0,0
196,670.7734428473648,0.0,0.0,0
197,674.1957563312799,0.0,0.0,0
198,677.6180698151951,0.0,0.0,0
199,681.0403832991102,0.0,0.0,0
200,684.4626967830253,0.0,0.0,0
201,687.8850102669404,0.0,0.0,0
202,691.3073237508555,0.0,0.0,0
203,694.7296372347707,0.0,0.0,0
204,698.1519507186858,0.0,0.0,0
205,701.574264202601,0.0,0.0,0
206,704.996577686516,0.0,0.0,0
207,708.4188911704312,0.0,0.0,0
208,711.8412046543464,0.0,0.0,0
209,715.2635181382615,0.0,0.0,0
210,718.6858316221766,0.0,0.0,0
211,722.1081451060917,0.0,0.0,0
212,725.5304585900068,0.0,0.0,0
213,728.952772073922,0.0,0.0,0
214,732.3750855578371,0.0,0.0,0
215,735.7973990417522,0.0,0.0,0
216,739.2197125256673,0.0,0.0,0
217,742.6420260095824,0.0,0.0,0
218,746.0643394934976,0.0,0.0,0
219,749.4866529774127,0.0,0.0,0
220,752.9089664613279,0.0,0.0,0
221,756.331279945243,0.0,0.0,0
222,759.7535934291581,0.0,0.0,0
223,763.1759069130733,0.0,0.0,0
224,766.5982203969884,0.0,0.0,0
225,770.0205338809035,0.0,0.0,0
226,773.4428473648186,0.0,0.0,0
227,776.8651608487337,0.0,0.0,0
228,780.2874743326489,0.0,0.0,0
229,783.709787816564,0.0,0.0,0
230,787.1321013004791,0.0,0.0,0
231,790.5544147843942,0.0,0.0,0
232,793.9767282683093,0.0,0.0,0
233,797.3990417522245,0.0,0.0,0
234,800.8213552361397,0.0,0.0,0
235,804.2436687200548,0.0,0.0,0
236,807.6659822039699,0.0,0.0,0
237,811.088295687885,0.0,0.0,0
238,814.5106091718001,0.0,0.0,0
239,817.9329226557153,0.0,0.0,0
240,821.3552361396304,0.0,0.0,0
241,824.7775496235455,0.0,0.0,0
242,828.1998631074606,0.0,0.0,0
243,831.6221765913757,0.0,0.0,0
244,835.0444900752909,0.0,0.0,0
245,838.466803559206,0.0,0.0,0
246,841.8891170431211,0.0,0.0,0
247,845.3114305270362,0.0,0.0,0
248,848.7337440109513,0.0,0.0,0
249,852.1560574948666,0.0,0.0,0
250,855.5783709787817,0.0,0.0,0
251,859.0006844626968,0.0,0.0,0
252,862.4229979466119,0.0,0.0,0
253,865.845311430527,0.0,0.0,0
254,869.2676249144422,0.0,0.0,0
255,872.6899383983573,0.0,0.0,0
256,876.1122518822724,0.0,0.0,0
257,879.5345653661875,0.0,0.0,0
258,882.9568788501026,0.0,0.0,0
259,886.3791923340178,0.0,0.0,0
260,889.8015058179329,0.0,0.0,0
261,893.223819301848,0.0,0.0,0
262,896.6461327857631,0.0,0.0,0
263,900.0684462696782,0.0,0.0,0
264,903.4907597535935,0.0,0.0,0
265,906.9130732375086,0.0,0.0,0
266,910.3353867214237,0.0,0.0,0
267,913.7577002053388,0.0,0.0,0
268,917.1800136892539,0.0,0.0,0
269,920.6023271731691,0.0,0.0,0
270,924.0246406570842,0.0,0.0,0
271,927.4469541409993,0.0,0.0,0
272,930.8692676249144,0.0,0.0,0
273,934.2915811088295,0.0,0.0,0
274,937.7138945927447,0.0,0.0,0
275,941.1362080766598,0.0,0.0,0
276,944.558521560575,0.0,0.0,0
277,947.98083504449,0.0,0.0,0
278,951.4031485284052,0.0,0.0,0
279,954.8254620123203,0.0,0.0,0
280,958.2477754962355,0.0,0.0,0
281,961.6700889801506,0.0,0.0,0
282,965.0924024640657,0.0,0.0,0
283,968.5147159479808,0.0,0.0,0
284,971.9370294318959,0.0,0.0,0
285,975.3593429158111,0.0,0.0,0
286,978.7816563997262,0.0,0.0,0
287,982.2039698836413,0.0,0.0,0
288,985.6262833675564,0.0,0.0,0
289,989.0485968514715,0.0,0.0,0
290,992.4709103353867,0.0,0.0,0
291,995.8932238193019,0.0,0.0,0
292,999.315537303217,0.0,0.0,0
293,1002.7378507871321,0.0,0.0,0
294,1006.1601642710472,0.0,0.0,0
295,1009.5824777549624,0.0,0.0,0
296,1013.0047912388775,0.0,0.0,0
297,1016.4271047227926,0.0,0.0,0
298,1019.8494182067077,0.0,0.0,0
299,1023.2717316906228,0.0,0.0,0
300,1026.694045174538,0.0,0.0,0
301,1030.116358658453,0.0,0.0,0
302,1033.5386721423681,0.0,0.0,0
303,1036.9609856262834,0.0,0.0,0
304,1040.3832991101985,0.0,0.0,0
305,1043.8056125941137,0.0,0.0,0
306,1047.2279260780288,0.0,0.0,0
307,1050.6502395619439,0.0,0.0,0
308,1054.072553045859,0.0,0.0,0
309,1057.494866529774,0.0,0.0,0
310,1060.9171800136892,0.0,0.0,0
311,1064.3394934976043,0.0,0.0,0
312,1067.7618069815194,0.0,0.0,0
313,1071.1841204654347,0.0,0.0,0
314,1074.6064339493498,0.0,0.0,0
315,1078.028747433265,0.0,0.0,0
316,1081.45106091718,0.0,0.0,0
317,1084.8733744010951,0.0,0.0,0
318,1088.2956878850102,0.0,0.0,0
319,1091.7180013689253,0.0,0.0,0
320,1095.1403148528404,0.0,0.0,0
321,1098.5626283367556,0.0,0.0,0
322,1101.9849418206707,0.0,0.0,0
323,1105.407255304586,0.0,0.0,0
324,1108.829568788501,0.0,0.0,0
325,1112.2518822724162,0.0,0.0,0
326,1115.6741957563313,0.0,0.0,0
327,1119.0965092402464,0.0,0.0,0
328,1122.5188227241615,0.0,0.0,0
329,1125.9411362080766,0.0,0.0,0
330,1129.3634496919917,0.0,0.0,0
331,1132.7857631759068,0.0,0.0,0
332,1136.208076659822,0.0,0.0,0
333,1139.6303901437373,0.0,0.0,0
334,1143.0527036276524,0.0,0.0,0
335,1146.4750171115675,0.0,0.0,0
336,1149.8973305954826,0.0,0.0,0
337,1153.3196440793977,0.0,0.0,0
338,1156.7419575633128,0.0,0.0,0
339,1160.1642710472279,0.0,0.0,0
340,1163.586584531143,0.0,0.0,0
341,1167.008898015058,0.0,0.0,0
342,1170.4312114989732,0.0,0.0,0
343,1173.8535249828883,0.0,0.0,0
344,1177.2758384668036,0.0,0.0,0
345,1180.6981519507187,0.0,0.0,0
346,1184.1204654346338,0.0,0.0,0
347,1187.542778918549,0.0,0.0,0
348,1190.965092402464,0.0,0.0,0
349,1194.3874058863792,0.0,0.0,0
350,1197.8097193702943,0.0,0.0,0
351,1201.2320328542094,0.0,0.0,0
352,1204.6543463381245,0.0,0.0,0
353,1208.0766598220396,0.0,0.0,0
354,1211.498973305955,0.0,0.0,0
355,1214.92128678987,0.0,0.0,0
356,1218.3436002737851,0.0,0.0,0
357,1221.7659137577002,0.0,0.0,0
358,1225.1882272416153,0.0,0.0,0
359,1228.6105407255304,0.0,0.0,0
360,1232.0328542094455,0.0,0.0,0
361,1235.4551676933606,0.0,0.0,0
362,1238.8774811772757,0.0,0.0,0
363,1242.2997946611908,0.0,0.0,0
364,1245.7221081451062,0.0,0.0,0
365,1249.1444216290213,0.0,0.0,0
366,1252.5667351129364,0.0,0.0,0
367,1255.9890485968515,0.0,0.0,0
368,1259.4113620807666,0.0,0.0,0
369,1262.8336755646817,0.0,0.0,0
370,1266.2559890485968,0.0,0.0,0
371,1269.678302532512,0.0,0.0,0
372,1273.100616016427,0.0,0.0,0
373,1276.5229295003421,0.0,0.0,0
374,1279.9452429842574,0.0,0.0,0
375,1283.3675564681726,0.0,0.0,0
376,1286.7898699520877,0.0,0.0,0
377,1290.2121834360028,0.0,0.0,0
378,1293.6344969199179,0.0,0.0,0
379,1297.056810403833,0.0,0.0,0
380,1300.479123887748,0.0,0.0,0
381,1303.9014373716632,0.0,0.0,0
382,1307.3237508555783,0.0,0.0,0
383,1310.7460643394934,0.0,0.0,0
384,1314.1683778234087,0.0,0.0,0
385,1317.5906913073238,0.0,0.0,0
386,1321.013004791239,0.0,0.0,0
387,1324.435318275154,0.0,0.0,0
388,1327.8576317590691,0.0,0.0,0
389,1331.2799452429842,0.0,0.0,0
390,1334.7022587268993,0.0,0.0,0
391,1338.1245722108144,0.0,0.0,0
392,1341.5468856947296,0.0,0.0,0
393,1344.9691991786447,0.0,0.0,0
394,1348.3915126625598,0.0,0.0,0
395,1351.813826146475,0.0,0.0,0
396,1355.2361396303902,0.0,0.0,0
397,1358.6584531143053,0.0,0.0,0
398,1362.0807665982204,0.0,0.0,0
399,1365.5030800821355,0.0,0.0,0
400,1368.9253935660506,0.0,0.0,0
401,1372.3477070499657,0.0,0.0,0
402,1375.7700205338808,0.0,0.0,0
403,1379.192334017796,0.0,0.0,0
404,1382.614647501711,0.0,0.0,0
405,1386.0369609856264,0.0,0.0,0
406,1389.4592744695415,0.0,0.0,0
407,1392.8815879534566,0.0,0.0,0
408,1396.3039014373717,0.0,0.0,0
409,1399.7262149212868,0.0,0.0,0
410,1403.148528405202,0.0,0.0,0
411,1406.570841889117,0.0,0.0,0
412,1409.993155373032,0.0,0.0,0
413,1413.4154688569472,0.0,0.0,0
414,1416.8377823408623,0.0,0.0,0
415,1420.2600958247776,0.0,0.0,0
416,1423.6824093086927,0.0,0.0,0
417,1427.1047227926078,0.0,0.0,0
418,1430.527036276523,0.0,0.0,0
419,1433.949349760438,0.0,0.0,0
420,1437.3716632443532,0.0,0.0,0
421,1440.7939767282683,0.0,0.0,0
422,1444.2162902121834,0.0,0.0,0
423,1447.6386036960985,0.0,0.0,0
424,1451.0609171800136,0.0,0.0,0
425,1454.483230663929,0.0,0.0,0
426,1457.905544147844,0.0,0.0,0
427,1461.3278576317591,0.0,0.0,0
428,1464.7501711156742,0.0,0.0,0
429,1468.1724845995893,0.0,0.0,0
430,1471.5947980835044,0.0,0.0,0
431,1475.0171115674195,0.0,0.0,0
432,1478.4394250513346,0.0,0.0,0
433,1481.8617385352497,0.0,0.0,0
434,1485.2840520191648,0.0,0.0,0
435,1488.70636550308,0.0,0.0,0
436,1492.1286789869953,0.0,0.0,0
437,1495.5509924709104,0.0,0.0,0
438,1498.9733059548255,0.0,0.0,0
439,1502.3956194387406,0.0,0.0,0
440,1505.8179329226557,0.0,0.0,0
441,1509.2402464065708,0.0,0.0,0
442,1512.662559890486,0.0,0.0,0
443,1516.084873374401,0.0,0.0,0
444,1519.5071868583161,0.0,0.0,0
445,1522.9295003422312,0.0,0.0,0
446,1526.3518138261466,0.0,0.0,0
447,1529.7741273100617,0.0,0.0,0
448,1533.1964407939768,0.0,0.0,0
449,1536.6187542778919,0.0,0.0,0
450,1540.041067761807,0.0,0.0,0
451,1543.463381245722,0.0,0.0,0
452,1546.8856947296372,0.0,0.0,0
453,1550.3080082135523,0.0,0.0,0
454,1553.7303216974674,0.0,0.0,0
455,1557.1526351813825,0.0,0.0,0
456,1560.5749486652978,0.0,0.0,0
457,1563.997262149213,0.0,0.0,0
458,1567.419575633128,0.0,0.0,0
459,1570.8418891170431,0.0,0.0,0
460,1574.2642026009582,0.0,0.0,0
461,1577.6865160848733,0.0,0.0,0
462,1581.1088295687885,0.0,0.0,0
463,1584.5311430527036,0.0,0.0,0
464,1587.9534565366187,0.0,0.0,0
465,1591.3757700205338,0.0,0.0,0
466,1594.798083504449,0.0,0.0,0
467,1598.2203969883642,0.0,0.0,0
468,1601.6427104722793,0.0,0.0,0
469,1605.0650239561944,0.0,0.0,0
470,1608.4873374401095,0.0,0.0,0
471,1611.9096509240246,0.0,0.0,0
472,1615.3319644079397,0.0,0.0,0
473,1618.7542778918548,0.0,0.0,0
474,1622.17659137577,0.0,0.0,0
475,1625.598904859685,0.0,0.0,0
476,1629.0212183436001,0.0,0.0,0
477,1632.4435318275155,0.0,0.0,0
478,1635.8658453114306,0.0,0.0,0
479,1639.2881587953457,0.0,0.0,0
480,1642.7104722792608,0.0,0.0,0
481,1646.132785763176,0.0,0.0,0
482,1649.555099247091,0.0,0.0,0
483,1652.977412731006,0.0,0.0,0
484,1656.3997262149212,0.0,0.0,0
485,1659.8220396988363,0.0,0.0,0
486,1663.2443531827514,0.0,0.0,0
487,1666.6666666666667,0.0,0.0,0
488,1670.0889801505818,0.0,0.0,0
489,1673.511293634497,0.0,0.0,0
490,1676.933607118412,0.0,0.0,0
491,1680.3559206023272,0.0,0.0,0
492,1683.7782340862423,0.0,0.0,0
493,1687.2005475701574,0.0,0.0,0
494,1690.6228610540725,0.0,0.0,0
495,1694.0451745379876,0.0,0.0,0
496,1697.4674880219027,0.0,0.0,0
497,1700.889801505818,0.0,0.0,0
498,1704.3121149897331,0.0,0.0,0
499,1707.7344284736482,0.0,0.0,0
500,1711.1567419575633,0.0,0.0,0
501,1714.5790554414784,0.0,0.0,0
502,1718.0013689253935,0.0,0.0,0
503,1721.4236824093086,0.0,0.0,0
504,1724.8459958932237,0.0,0.0,0
505,1728.2683093771388,0.0,0.0,0
506,1731.690622861054,0.0,0.0,0
507,1735.1129363449693,0.0,0.0,0
508,1738.5352498288844,0.0,0.0,0
509,1741.9575633127995,0.0,0.0,0
510,1745.3798767967146,0.0,0.0,0
511,1748.8021902806297,0.0,0.0,0
512,1752.2245037645448,0.0,0.0,0
513,1755.64681724846,0.0,0.0,0
514,1759.069130732375,0.0,0.0,0
515,1762.4914442162901,0.0,0.0,0
516,1765.9137577002052,0.0,0.0,0
517,1769.3360711841203,0.0,0.0,0
518,1772.7583846680357,0.0,0.0,0
519,1776.1806981519508,0.0,0.0,0
520,1779.6030116358659,0.0,0.0,0
521,1783.025325119781,0.0,0.0,0
522,1786.447638603696,0.0,0.0,0
523,1789.8699520876112,0.0,0.0,0
524,1793.2922655715263,0.0,0.0,0
525,1796.7145790554414,0.0,0.0,0
526,1800.1368925393565,0.0,0.0,0
527,1803.5592060232716,0.0,0.0,0
528,1806.981519507187,0.0,0.0,0
529,1810.403832991102,0.0,0.0,0
530,1813.8261464750171,0.0,0.0,0
531,1817.2484599589322,0.0,0.0,0
532,1820.6707734428473,0.0,0.0,0
533,1824.0930869267625,0.0,0.0,0
534,1827.5154004106776,0.0,0.0,0
535,1830.9377138945927,0.0,0.0,0
536,1834.3600273785078,0.0,0.0,0
537,1837.7823408624229,0.0,0.0,0
538,1841.2046543463382,0.0,0.0,0
539,1844.6269678302533,0.0,0.0,0
540,1848.0492813141684,0.0,0.0,0
541,1851.4715947980835,0.0,0.0,0
542,1854.8939082819986,0.0,0.0,0
543,1858.3162217659137,0.0,0.0,0
544,1861.7385352498288,0.0,0.0,0
545,1865.160848733744,0.0,0.0,0
546,1868.583162217659,0.0,0.0,0
547,1872.0054757015741,0.0,0.0,0
548,1875.4277891854895,0.0,0.0,0
549,1878.8501026694046,0.0,0.0,0
550,1882.2724161533197,0.0,0.0,0
551,1885.6947296372348,0.0,0.0,0
552,1889.11704312115,0.0,0.0,0
553,1892.539356605065,0.0,0.0,0
554,1895.96167008898,0.0,0.0,0
555,1899.3839835728952,0.0,0.0,0
556,1902.8062970568103,0.0,0.0,0
557,1906.2286105407254,0.0,0.0,0
558,1909.6509240246405,0.0,0.0,0
559,1913.0732375085558,0.0,0.0,0
560,1916.495550992471,0.0,0.0,0
561,1919.917864476386,0.0,0.0,0
562,1923.3401779603012,0.0,0.0,0
563,1926.7624914442163,0.0,0.0,0
564,1930.1848049281314,0.0,0.0,0
565,1933.6071184120465,0.0,0.0,0
566,1937.0294318959616,0.0,0.0,0
567,1940.4517453798767,0.0,0.0,0
568,1943.8740588637918,0.0,0.0,0
569,1947.2963723477071,0.0,0.0,0
570,1950.7186858316222,0.0,0.0,0
571,1954.1409993155373,0.0,0.0,0
572,1957.5633127994524,0.0,0.0,0
573,1960.9856262833675,0.0,0.0,0
574,1964.4079397672826,0.0,0.0,0
575,1967.8302532511977,0.0,0.0,0
576,1971.2525667351129,0.0,0.0,0
577,1974.674880219028,0.0,0.0,0
578,1978.097193702943,0.0,0.0,0
579,1981.5195071868584,0.0,0.0,0
580,1984.9418206707735,0.0,0.0,0
581,1988.3641341546886,0.0,0.0,0
582,1991.7864476386037,0.0,0.0,0
583,1995.2087611225188,0.0,0.0,0
584,1998.631074606434,0.0,0.0,0
585,2002.053388090349,0.0,0.0,0
586,2005.4757015742641,0.0,0.0,0
587,2008.8980150581792,0.0,0.0,0
588,2012.3203285420943,0.0,0.0,0
589,2015.7426420260097,0.0,0.0,0
590,2019.1649555099248,0.0,0.0,0
591,2022.5872689938399,0.0,0.0,0
592,2026.009582477755,0.0,0.0,0
593,2029.43189596167,0.0,0.0,0
594,2032.8542094455852,0.0,0.0,0
595,2036.2765229295003,0.0,0.0,0
596,2039.6988364134154,0.0,0.0,0
597,2043.1211498973305,0.0,0.0,0
598,2046.5434633812456,0.0,0.0,0
599,2049.965776865161,0.0,0.0,0
600,2053.388090349076,0.0,0.0,0
601,2056.810403832991,0.0,0.0,0
602,2060.232717316906,0.0,0.0,0
603,2063.6550308008214,0.0,0.0,0
604,2067.0773442847362,0.0,0.0,0
605,2070.4996577686516,0.0,0.0,0
606,2073.921971252567,0.0,0.0,0
607,2077.3442847364818,0.0,0.0,0
608,2080.766598220397,0.0,0.0,0
609,2084.188911704312,0.0,0.0,0
610,2087.6112251882273,0.0,0.0,0
611,2091.033538672142,0.0,0.0,0
612,2094.4558521560575,0.0,0.0,0
613,2097.8781656399724,0.0,0.0,0
614,2101.3004791238877,0.0,0.0,0
615,2104.722792607803,0.0,0.0,0
616,2108.145106091718,0.0,0.0,0
617,2111.5674195756333,0.0,0.0,0
618,2114.989733059548,0.0,0.0,0
619,2118.4120465434635,0.0,0.0,0
620,2121.8343600273784,0.0,0.0,0
621,2125.2566735112937,0.0,0.0,0
622,2128.6789869952086,0.0,0.0,0
623,2132.101300479124,0.0,0.0,0
624,2135.5236139630388,0.0,0.0,0
625,2138.945927446954,0.0,0.0,0
626,2142.3682409308694,0.0,0.0,0
627,2145.7905544147843,0.0,0.0,0
628,2149.2128678986996,0.0,0.0,0
629,2152.6351813826145,0.0,0.0,0
630,2156.05749486653,0.0,0.0,0
631,2159.4798083504447,0.0,0.0,0
632,2162.90212183436,0.0,0.0,0
633,2166.324435318275,0.0,0.0,0
634,2169.7467488021903,0.0,0.0,0
635,2173.1690622861056,0.0,0.0,0
636,2176.5913757700205,0.0,0.0,0
637,2180.013689253936,0.0,0.0,0
638,2183.4360027378507,0.0,0.0,0
639,2186.858316221766,0.0,0.0,0
640,2190.280629705681,0.0,0.0,0
641,2193.702943189596,0.0,0.0,0
642,2197.125256673511,0.0,0.0,0
643,2200.5475701574264,0.0,0.0,0
644,2203.9698836413413,0.0,0.0,0
645,2207.3921971252566,0.0,0.0,0
646,2210.814510609172,0.0,0.0,0
647,2214.236824093087,0.0,0.0,0
648,2217.659137577002,0.0,0.0,0
649,2221.081451060917,0.0,0.0,0
650,2224.5037645448324,0.0,0.0,0
651,2227.9260780287473,0.0,0.0,0
652,2231.3483915126626,0.0,0.0,0
653,2234.7707049965775,0.0,0.0,0
654,2238.193018480493,0.0,0.0,0
655,2241.6153319644077,0.0,0.0,0
656,2245.037645448323,0.0,0.0,0
657,2248.4599589322384,0.0,0.0,0
658,2251.8822724161532,0.0,0.0,0
659,2255.3045859000686,0.0,0.0,0
660,2258.7268993839834,0.0,0.0,0
661,2262.1492128678988,0.0,0.0,0
662,2265.5715263518136,0.0,0.0,0
663,2268.993839835729,0.0,0.0,0
664,2272.416153319644,0.0,0.0,0
665,2275.838466803559,0.0,0.0,0
666,2279.2607802874745,0.0,0.0,0
667,2282.6830937713894,0.0,0.0,0
668,2286.1054072553047,0.0,0.0,0
669,2289.5277207392196,0.0,0.0,0
670,2292.950034223135,0.0,0.0,0
671,2296.37234770705,0.0,0.0,0
672,2299.794661190965,0.0,0.0,0
673,2303.21697467488,0.0,0.0,0
674,2306.6392881587954,0.0,0.0,0
675,2310.0616016427102,0.0,0.0,0
676,2313.4839151266256,0.0,0.0,0
677,2316.906228610541,0.0,0.0,0
678,2320.3285420944558,0.0,0.0,0
679,2323.750855578371,0.0,0.0,0
680,2327.173169062286,0.0,0.0,0
681,2330.5954825462013,0.0,0.0,0
682,2334.017796030116,0.0,0.0,0
683,2337.4401095140315,0.0,0.0,0
684,2340.8624229979464,0.0,0.0,0
685,2344.2847364818617,0.0,0.0,0
686,2347.7070499657766,0.0,0.0,0
687,2351.129363449692,0.0,0.0,0
688,2354.5516769336073,0.0,0.0,0
689,2357.973990417522,0.0,0.0,0
690,2361.3963039014375,0.0,0.0,0
691,2364.8186173853524,0.0,0.0,0
692,2368.2409308692677,0.0,0.0,0
693,2371.6632443531826,0.0,0.0,0
694,2375.085557837098,0.0,0.0,0
695,2378.5078713210128,0.0,0.0,0
696,2381.930184804928,0.0,0.0,0
697,2385.3524982888434,0.0,0.0,0
698,2388.7748117727583,0.0,0.0,0
699,2392.1971252566736,0.0,0.0,0
700,2395.6194387405885,0.0,0.0,0
701,2399.041752224504,0.0,0.0,0
702,2402.4640657084187,0.0,0.0,0
703,2405.886379192334,0.0,0.0,0
704,2409.308692676249,0.0,0.0,0
705,2412.7310061601643,0.0,0.0,0
706,2416.153319644079,0.0,0.0,0
707,2419.5756331279945,0.0,0.0,0
708,2422.99794661191,0.0,0.0,0
709,2426.4202600958247,0.0,0.0,0
710,2429.84257357974,0.0,0.0,0
711,2433.264887063655,0.0,0.0,0
712,2436.6872005475702,0.0,0.0,0
713,2440.109514031485,0.0,0.0,0
714,2443.5318275154004,0.0,0.0,0
715,2446.9541409993153,0.0,0.0,0
716,2450.3764544832306,0.0,0.0,0
717,2453.798767967146,0.0,0.0,0
718,2457.221081451061,0.0,0.0,0
719,2460.643394934976,0.0,0.0,0
720,2464.065708418891,0.0,0.0,0
721,2467.4880219028064,0.0,0.0,0
722,2470.9103353867213,0.0,0.0,0
723,2474.3326488706366,0.0,0.0,0
724,2477.7549623545515,0.0,0.0,0
725,2481.177275838467,0.0,0.0,0
726,2484.5995893223817,0.0,0.0,0
727,2488.021902806297,0.0,0.0,0
728,2491.4442162902124,0.0,0.0,0
729,2494.8665297741272,0.0,0.0,0
730,2498.2888432580426,0.0,0.0,0
731,2501.7111567419574,0.0,0.0,0
732,2505.1334702258728,0.0,0.0,0
733,2508.5557837097876,0.0,0.0,0
734,2511.978097193703,0.0,0.0,0
735,2515.400410677618,0.0,0.0,0
736,2518.822724161533,0.0,0.0,0
737,2522.245037645448,0.0,0.0,0
738,2525.6673511293634,0.0,0.0,0
739,2529.0896646132787,0.0,0.0,0
740,2532.5119780971936,0.0,0.0,0
741,2535.934291581109,0.0,0.0,0
742,2539.356605065024,0.0,0.0,0
743,2542.778918548939,0.0,0.0,0
744,2546.201232032854,0.0,0.0,0
745,2549.6235455167694,0.0,0.0,0
746,2553.0458590006842,0.0,0.0,0
747,2556.4681724845996,0.0,0.0,0
748,2559.890485968515,0.0,0.0,0
749,2563.3127994524298,0.0,0.0,0
750,2566.735112936345,0.0,0.0,0
751,2570.15742642026,0.0,0.0,0
752,2573.5797399041753,0.0,0.0,0
753,2577.00205338809,0.0,0.0,0
754,2580.4243668720055,0.0,0.0,0
755,2583.8466803559204,0.0,0.0,0
756,2587.2689938398357,0.0,0.0,0
757,2590.6913073237506,0.0,0.0,0
758,2594.113620807666,0.0,0.0,0
759,2597.5359342915813,0.0,0.0,0
760,2600.958247775496,0.0,0.0,0
761,2604.3805612594115,0.0,0.0,0
762,2607.8028747433264,0.0,0.0,0
763,2611.2251882272417,0.0,0.0,0
764,2614.6475017111566,0.0,0.0,0
765,2618.069815195072,0.0,0.0,0
766,2621.492128678987,0.0,0.0,0
767,2624.914442162902,0.0,0.0,0
768,2628.3367556468174,0.0,0.0,0
769,2631.7590691307323,0.0,0.0,0
770,2635.1813826146476,0.0,0.0,0
771,2638.6036960985625,0.0,0.0,0
772,2642.026009582478,0.0,0.0,0
773,2645.4483230663927,0.0,0.0,0
774,2648.870636550308,0.0,0.0,0
775,2652.292950034223,0.0,0.0,0
776,2655.7152635181383,0.0,0.0,0
777,2659.137577002053,0.0,0.0,0
778,2662.5598904859685,0.0,0.0,0
779,2665.982203969884,0.0,0.0,0
780,2669.4045174537987,0.0,0.0,0
781,2672.826830937714,0.0,0.0,0
782,2676.249144421629,0.0,0.0,0
783,2679.6714579055442,0.0,0.0,0
784,2683.093771389459,0.0,0.0,0
785,2686.5160848733744,0.0,0.0,0
786,2689.9383983572893,0.0,0.0,0
787,2693.3607118412046,0.0,0.0,0
788,2696.7830253251195,0.0,0.0,0
789,2700.205338809035,0.0,0.0,0
790,2703.62765229295,0.0,0.0,0
791,2707.049965776865,0.0,0.0,0
792,2710.4722792607804,0.0,0.0,0
793,2713.8945927446953,0.0,0.0,0
794,2717.3169062286106,0.0,0.0,0
795,2720.7392197125255,0.0,0.0,0
796,2724.161533196441,0.0,0.0,0
797,2727.5838466803557,0.0,0.0,0
798,2731.006160164271,0.0,0.0,0
799,2734.4284736481864,0.0,0.0,0
800,2737.8507871321012,0.0,0.0,0
801,2741.2731006160166,0.0,0.0,0
802,2744.6954140999314,0.0,0.0,0
803,2748.1177275838468,0.0,0.0,0
804,2751.5400410677616,0.0,0.0,0
805,2754.962354551677,0.0,0.0,0
806,2758.384668035592,0.0,0.0,0
807,2761.806981519507,0.0,0.0,0
808,2765.229295003422,0.0,0.0,0
809,2768.6516084873374,0.0,0.0,0
810,2772.0739219712527,0.0,0.0,0
811,2775.4962354551676,0.0,0.0,0
812,2778.918548939083,0.0,0.0,0
813,2782.340862422998,0.0,0.0,0
814,2785.763175906913,0.0,0.0,0
815,2789.185489390828,0.0,0.0,0
816,2792.6078028747434,0.0,0.0,0
817,2796.0301163586582,0.0,0.0,0
818,2799.4524298425736,0.0,0.0,0
819,2802.8747433264884,0.0,0.0,0
820,2806.297056810404,0.0,0.0,0
821,2809.719370294319,0.0,0.0,0
822,2813.141683778234,0.0,0.0,0
823,2816.5639972621493,0.0,0.0,0
824,2819.986310746064,0.0,0.0,0
825,2823.4086242299795,0.0,0.0,0
826,2826.8309377138944,0.0,0.0,0
827,2830.2532511978097,0.0,0.0,0
828,2833.6755646817246,0.0,0.0,0
829,2837.09787816564,0.0,0.0,0
830,2840.5201916495553,0.0,0.0,0
831,2843.94250513347,0.0,0.0,0
832,2847.3648186173855,0.0,0.0,0
833,2850.7871321013004,0.0,0.0,0
834,2854.2094455852157,0.0,0.0,0
835,2857.6317590691306,0.0,0.0,0
836,2861.054072553046,0.0,0.0,0
837,2864.476386036961,0.0,0.0,0
838,2867.898699520876,0.0,0.0,0
839,2871.321013004791,0.0,0.0,0
840,2874.7433264887063,0.0,0.0,0
841,2878.1656399726216,0.0,0.0,0
842,2881.5879534565365,0.0,0.0,0
843,2885.010266940452,0.0,0.0,0
844,2888.4325804243667,0.0,0.0,0
845,2891.854893908282,0.0,0.0,0
846,2895.277207392197,0.0,0.0,0
847,2898.6995208761123,0.0,0.0,0
848,2902.121834360027,0.0,0.0,0
849,2905.5441478439425,0.0,0.0,0
850,2908.966461327858,0.0,0.0,0
851,2912.3887748117727,0.0,0.0,0
852,2915.811088295688,0.0,0.0,0
853,2919.233401779603,0.0,0.0,0
854,2922.6557152635182,0.0,0.0,0
855,2926.078028747433,0.0,0.0,0
856,2929.5003422313484,0.0,0.0,0
857,2932.9226557152633,0.0,0.0,0
858,2936.3449691991786,0.0,0.0,0
859,2939.7672826830935,0.0,0.0,0
860,2943.189596167009,0.0,0.0,0
861,2946.611909650924,0.0,0.0,0
862,2950.034223134839,0.0,0.0,0
863,2953.4565366187544,0.0,0.0,0
864,2956.8788501026693,0.0,0.0,0
865,2960.3011635865846,0.0,0.0,0
866,2963.7234770704995,0.0,0.0,0
867,2967.145790554415,0.0,0.0,0
868,2970.5681040383297,0.0,0.0,0
869,2973.990417522245,0.0,0.0,0
870,2977.41273100616,0.0,0.0,0
871,2980.8350444900752,0.0,0.0,0
872,2984.2573579739906,0.0,0.0,0
873,2987.6796714579054,0.0,0.0,0
874,2991.101984941821,0.0,0.0,0
875,2994.5242984257357,0.0,0.0,0
876,2997.946611909651,0.0,0.0,0
877,3001.368925393566,0.0,0.0,0
878,3004.791238877481,0.0,0.0,0
879,3008.213552361396,0.0,0.0,0
880,3011.6358658453114,0.0,0.0,0
881,3015.0581793292267,0.0,0.0,0
882,3018.4804928131416,0.0,0.0,0
883,3021.902806297057,0.0,0.0,0
884,3025.325119780972,0.0,0.0,0
885,3028.747433264887,0.0,0.0,0
886,3032.169746748802,0.0,0.0,0
887,3035.5920602327174,0.0,0.0,0
888,3039.0143737166322,0.0,0.0,0
889,3042.4366872005476,0.0,0.0,0
890,3045.8590006844624,0.0,0.0,0
891,3049.281314168378,0.0,0.0,0
892,3052.703627652293,0.0,0.0,0
893,3056.125941136208,0.0,0.0,0
894,3059.5482546201233,0.0,0.0,0
895,3062.970568104038,0.0,0.0,0
896,3066.3928815879535,0.0,0.0,0
897,3069.8151950718684,0.0,0.0,0
898,3073.2375085557837,0.0,0.0,0
899,3076.6598220396986,0.0,0.0,0
900,3080.082135523614,0.0,0.0,0
901,3083.504449007529,0.0,0.0,0
902,3086.926762491444,0.0,0.0,0
903,3090.3490759753595,0.0,0.0,0
904,3093.7713894592744,0.0,0.0,0
905,3097.1937029431897,0.0,0.0,0
906,3100.6160164271046,0.0,0.0,0
907,3104.03832991102,0.0,0.0,0
908,3107.460643394935,0.0,0.0,0
909,3110.88295687885,0.0,0.0,0
910,3114.305270362765,0.0,0.0,0
911,3117.7275838466803,0.0,0.0,0
912,3121.1498973305956,0.0,0.0,0
913,3124.5722108145105,0.0,0.0,0
914,3127.994524298426,0.0,0.0,0
915,3131.4168377823407,0.0,0.0,0
916,3134.839151266256,0.0,0.0,0
917,3138.261464750171,0.0,0.0,0
918,3141.6837782340863,0.0,0.0,0
919,3145.106091718001,0.0,0.0,0
920,3148.5284052019165,0.0,0.0,0
921,3151.9507186858314,0.0,0.0,0
922,3155.3730321697467,0.0,0.0,0
923,3158.795345653662,0.0,0.0,0
924,3162.217659137577,0.0,0.0,0
925,3165.6399726214922,0.0,0.0,0
926,3169.062286105407,0.0,0.0,0
927,3172.4845995893224,0.0,0.0,0
928,3175.9069130732373,0.0,0.0,0
929,3179.3292265571527,0.0,0.0,0
930,3182.7515400410675,0.0,0.0,0
931,3186.173853524983,0.0,0.0,0
932,3189.596167008898,0.0,0.0,0
933,3193.018480492813,0.0,0.0,0
934,3196.4407939767284,0.0,0.0,0
935,3199.8631074606433,0.0,0.0,0
936,3203.2854209445586,0.0,0.0,0
937,3206.7077344284735,0.0,0.0,0
938,3210.130047912389,0.0,0.0,0
939,3213.5523613963037,0.0,0.0,0
940,3216.974674880219,0.0,0.0,0
941,3220.396988364134,0.0,0.0,0
942,3223.8193018480492,0.0,0.0,0
943,3227.2416153319646,0.0,0.0,0
944,3230.6639288158794,0.0,0.0,0
945,3234.086242299795,0.0,0.0,0
946,3237.5085557837097,0.0,0.0,0
947,3240.930869267625,0.0,0.0,0
948,3244.35318275154,0.0,0.0,0
949,3247.775496235455,0.0,0.0,0
950,3251.19780971937,0.0,0.0,0
951,3254.6201232032854,0.0,0.0,0
952,3258.0424366872003,0.0,0.0,0
953,3261.4647501711156,0.0,0.0,0
954,3264.887063655031,0.0,0.0,0
955,3268.309377138946,0.0,0.0,0
956,3271.731690622861,0.0,0.0,0
957,3275.154004106776,0.0,0.0,0
958,3278.5763175906914,0.0,0.0,0
959,3281.9986310746062,0.0,0.0,0
960,3285.4209445585216,0.0,0.0,0
961,3288.8432580424364,0.0,0.0,0
962,3292.265571526352,0.0,0.0,0
963,3295.687885010267,0.0,0.0,0
964,3299.110198494182,0.0,0.0,0
965,3302.5325119780973,0.0,0.0,0
966,3305.954825462012,0.0,0.0,0
967,3309.3771389459275,0.0,0.0,0
968,3312.7994524298424,0.0,0.0,0
969,3316.2217659137577,0.0,0.0,0
970,3319.6440793976726,0.0,0.0,0
971,3323.066392881588,0.0,0.0,0
972,3326.488706365503,0.0,0.0,0
973,3329.911019849418,0.0,0.0,0
974,3333.3333333333335,0.0,0.0,0
975,3336.7556468172484,0.0,0.0,0
976,3340.1779603011637,0.0,0.0,0
977,3343.6002737850786,0.0,0.0,0
978,3347.022587268994,0.0,0.0,0
979,3350.444900752909,0.0,0.0,0
980,3353.867214236824,0.0,0.0,0
981,3357.289527720739,0.0,0.0,0
982,3360.7118412046543,0.0,0.0,0
983,3364.134154688569,0.0,0.0,0
984,3367.5564681724845,0.0,0.0,0
985,3370.9787816564,0.0,0.0,0
986,3374.4010951403147,0.0,0.0,0
987,3377.82340862423,0.0,0.0,0
988,3381.245722108145,0.0,0.0,0
989,3384.6680355920603,0.0,0.0,0
990,3388.090349075975,0.0,0.0,0
991,3391.5126625598905,0.0,0.0,0
992,3394.9349760438054,0.0,0.0,0
993,3398.3572895277207,0.0,0.0,0
994,3401.779603011636,0.0,0.0,0
995,3405.201916495551,0.0,0.0,0
996,3408.6242299794662,0.0,0.0,0
997,3412.046543463381,0.0,0.0,0
998,3415.4688569472964,0.0,0.0,0
999,3418.8911704312113,0.0,0.0,0
1000,3422.3134839151267,0.0,0.0,0
1001,3425.7357973990415,0.0,0.0,0
1002,3429.158110882957,0.0,0.0,0
1003,3432.5804243668717,0.0,0.0,0
1004,3436.002737850787,0.0,0.0,0
1005,3439.4250513347024,0.0,0.0,0
1006,3442.8473648186173,0.0,0.0,0
1007,3446.2696783025326,0.0,0.0,0
1008,3449.6919917864475,0.0,0.0,0
1009,3453.114305270363,0.0,0.0,0
1010,3456.5366187542777,0.0,0.0,0
1011,3459.958932238193,0.0,0.0,0
1012,3463.381245722108,0.0,0.0,0
1013,3466.8035592060232,0.0,0.0,0
1014,3470.2258726899386,0.0,0.0,0
1015,3473.6481861738534,0.0,0.0,0
1016,3477.070499657769,0.0,0.0,0
1017,3480.4928131416837,0.0,0.0,0
1018,3483.915126625599,0.0,0.0,0
1019,3487.337440109514,0.0,0.0,0
1020,3490.759753593429,0.0,0.0,0
1021,3494.182067077344,0.0,0.0,0
1022,3497.6043805612594,0.0,0.0,0
1023,3501.0266940451743,0.0,0.0,0
1024,3504.4490075290896,0.0,0.0,0
1025,3507.871321013005,0.0,0.0,0
1026,3511.29363449692,0.0,0.0,0
1027,3514.715947980835,0.0,0.0,0
1028,3518.13826146475,0.0,0.0,0
1029,3521.5605749486654,0.0,0.0,0
1030,3524.9828884325802,0.0,0.0,0
1031,3528.4052019164956,0.0,0.0,0
1032,3531.8275154004104,0.0,0.0,0
1033,3535.249828884326,0.0,0.0,0
1034,3538.6721423682407,0.0,0.0,0
1035,3542.094455852156,0.0,0.0,0
1036,3545.5167693360713,0.0,0.0,0
1037,3548.939082819986,0.0,0.0,0
1038,3552.3613963039015,0.0,0.0,0
1039,3555.7837097878164,0.0,0.0,0
1040,3559.2060232717317,0.0,0.0,0
1041,3562.6283367556466,0.0,0.0,0
1042,3566.050650239562,0.0,0.0,0
1043,3569.472963723477,0.0,0.0,0
1044,3572.895277207392,0.0,0.0,0
1045,3576.3175906913075,0.0,0.0,0
1046,3579.7399041752224,0.0,0.0,0
1047,3583.1622176591377,0.0,0.0,0
1048,3586.5845311430526,0.0,0.0,0
1049,3590.006844626968,0.0,0.0,0
1050,3593.429158110883,0.0,0.0,0
1051,3596.851471594798,0.0,0.0,0
1052,3600.273785078713,0.0,0.0,0
1053,3603.6960985626283,0.0,0.0,0
1054,3607.118412046543,0.0,0.0,0
1055,3610.5407255304585,0.0,0.0,0
1056,3613.963039014374,0.0,0.0,0
1057,3617.3853524982887,0.0,0.0,0
1058,3620.807665982204,0.0,0.0,0
1059,3624.229979466119,0.0,0.0,0
1060,3627.6522929500343,0.0,0.0,0
1061,3631.074606433949,0.0,0.0,0
1062,3634.4969199178645,0.0,0.0,0
1063,3637.9192334017794,0.0,0.0,0
1064,3641.3415468856947,0.0,0.0,0
1065,3644.76386036961,0.0,0.0,0
1066,3648.186173853525,0.0,0.0,0
1067,3651.6084873374402,0.0,0.0,0
1068,3655.030800821355,0.0,0.0,0
1069,3658.4531143052704,0.0,0.0,0
1070,3661.8754277891853,0.0,0.0,0
1071,3665.2977412731007,0.0,0.0,0
1072,3668.7200547570155,0.0,0.0,0
1073,3672.142368240931,0.0,0.0,0
1074,3675.5646817248457,0.0,0.0,0
1075,3678.986995208761,0.0,0.0,0
1076,3682.4093086926764,0.0,0.0,0
1077,3685.8316221765913,0.0,0.0,0
1078,3689.2539356605066,0.0,0.0,0
1079,3692.6762491444215,0.0,0.0,0
1080,3696.098562628337,0.0,0.0,0
1081,3699.5208761122517,0.0,0.0,0
1082,3702.943189596167,0.0,0.0,0
1083,3706.365503080082,0.0,0.0,0
1084,3709.7878165639972,0.0,0.0,0
1085,3713.210130047912,0.0,0.0,0
1086,3716.6324435318274,0.0,0.0,0
1087,3720.054757015743,0.0,0.0,0
1088,3723.4770704996577,0.0,0.0,0
1089,3726.899383983573,0.0,0.0,0
1090,3730.321697467488,0.0,0.0,0
1091,3733.744010951403,0.0,0.0,0
1092,3737.166324435318,0.0,0.0,0
1093,3740.5886379192334,0.0,0.0,0
1094,3744.0109514031483,0.0,0.0,0
1095,3747.4332648870636,0.0,0.0,0
1096,3750.855578370979,0.0,0.0,0
1097,3754.277891854894,0.0,0.0,0
1098,3757.700205338809,0.0,0.0,0
1099,3761.122518822724,0.0,0.0,0
1100,3764.5448323066394,0.0,0.0,0
1101,3767.9671457905542,0.0,0.0,0
1102,3771.3894592744696,0.0,0.0,0
1103,3774.8117727583844,0.0,0.0,0
1104,3778.2340862423,0.0,0.0,0
1105,3781.6563997262147,0.0,0.0,0
1106,3785.07871321013,0.0,0.0,0
1107,3788.5010266940453,0.0,0.0,0
1108,3791.92334017796,0.0,0.0,0
1109,3795.3456536618755,0.0,0.0,0
1110,3798.7679671457904,0.0,0.0,0
1111,3802.1902806297057,0.0,0.0,0
1112,3805.6125941136206,0.0,0.0,0
1113,3809.034907597536,0.0,0.0,0
1114,3812.457221081451,0.0,0.0,0
1115,3815.879534565366,0.0,0.0,0
1116,3819.301848049281,0.0,0.0,0
1117,3822.7241615331964,0.0,0.0,0
1118,3826.1464750171117,0.0,0.0,0
1119,3829.5687885010266,0.0,0.0,0
1120,3832.991101984942,0.0,0.0,0
1121,3836.413415468857,0.0,0.0,0
1122,3839.835728952772,0.0,0.0,0
1123,3843.258042436687,0.0,0.0,0
1124,3846.6803559206023,0.0,0.0,0
1125,3850.102669404517,0.0,0.0,0
1126,3853.5249828884325,0.0,0.0,0
1127,3856.947296372348,0.0,0.0,0
1128,3860.3696098562627,0.0,0.0,0
1129,3863.791923340178,0.0,0.0,0
1130,3867.214236824093,0.0,0.0,0
1131,3870.6365503080083,0.0,0.0,0
1132,3874.058863791923,0.0,0.0,0
1133,3877.4811772758385,0.0,0.0,0
1134,3880.9034907597534,0.0,0.0,0
1135,3884.3258042436687,0.0,0.0,0
1136,3887.7481177275836,0.0,0.0,0
1137,3891.170431211499,0.0,0.0,0
1138,3894.5927446954142,0.0,0.0,0
1139,3898.015058179329,0.0,0.0,0
1140,3901.4373716632444,0.0,0.0,0
1141,3904.8596851471593,0.0,0.0,0
1142,3908.2819986310747,0.0,0.0,0
1143,3911.7043121149895,0.0,0.0,0
1144,3915.126625598905,0.0,0.0,0
1145,3918.5489390828197,0.0,0.0,0
1146,3921.971252566735,0.0,0.0,0
1147,3925.3935660506504,0.0,0.0,0
1148,3928.8158795345653,0.0,0.0,0
1149,3932.2381930184806,0.0,0.0,0
1150,3935.6605065023955,0.0,0.0,0
1151,3939.082819986311,0.0,0.0,0
1152,3942.5051334702257,0.0,0.0,0
1153,3945.927446954141,0.0,0.0,0
1154,3949.349760438056,0.0,0.0,0
1155,3952.7720739219712,0.0,0.0,0
1156,3956.194387405886,0.0,0.0,0
1157,3959.6167008898015,0.0,0.0,0
1158,3963.039014373717,0.0,0.0,0
1159,3966.4613278576317,0.0,0.0,0
1160,3969.883641341547,0.0,0.0,0
1161,3973.305954825462,0.0,0.0,0
1162,3976.728268309377,0.0,0.0,0
1163,3980.150581793292,0.0,0.0,0
1164,3983.5728952772074,0.0,0.0,0
1165,3986.9952087611223,0.0,0.0,0
1166,3990.4175222450376,0.0,0.0,0
1167,3993.8398357289525,0.0,0.0,0
1168,3997.262149212868,0.0,0.0,0
1169,4000.684462696783,0.0,0.0,0
1170,4004.106776180698,0.0,0.0,0
1171,4007.5290896646134,0.0,0.0,0
1172,4010.9514031485282,0.0,0.0,0
1173,4014.3737166324436,0.0,0.0,0
1174,4017.7960301163585,0.0,0.0,0
1175,4021.218343600274,0.0,0.0,0
1176,4024.6406570841887,0.0,0.0,0
1177,4028.062970568104,0.0,0.0,0
1178,4031.4852840520193,0.0,0.0,0
1179,4034.907597535934,0.0,0.0,0
1180,4038.3299110198495,0.0,0.0,0
1181,4041.7522245037644,0.0,0.0,0
1182,4045.1745379876797,0.0,0.0,0
1183,4048.5968514715946,0.0,0.0,0
1184,4052.01916495551,0.0,0.0,0
1185,4055.441478439425,0.0,0.0,0
1186,4058.86379192334,0.0,0.0,0
1187,4062.286105407255,0.0,0.0,0
1188,4065.7084188911704,0.0,0.0,0
1189,4069.1307323750857,0.0,0.0,0
1190,4072.5530458590006,0.0,0.0,0
1191,4075.975359342916,0.0,0.0,0
1192,4079.397672826831,0.0,0.0,0
1193,4082.819986310746,0.0,0.0,0
1194,4086.242299794661,0.0,0.0,0
1195,4089.6646132785763,0.0,0.0,0
1196,4093.086926762491,0.0,0.0,0
1197,4096.509240246406,0.0,0.0,0
1198,4099.931553730322,0.0,0.0,0
1199,4103.353867214237,0.0,0.0,0
1200,4106.776180698152,0.0,0.0,0
1201,4110.198494182067,0.0,0.0,0
1202,4113.620807665982,0.0,0.0,0
1203,4117.043121149897,0.0,0.0,0
1204,4120.465434633812,0.0,0.0,0
1205,4123.887748117728,0.0,0.0,0
1206,4127.310061601643,0.0,0.0,0
1207,4130.732375085558,0.0,0.0,0
1208,4134.1546885694725,0.0,0.0,0
1209,4137.577002053388,0.0,0.0,0
1210,4140.999315537303,0.0,0.0,0
1211,4144.421629021218,0.0,0.0,0
1212,4147.843942505134,0.0,0.0,0
1213,4151.266255989049,0.0,0.0,0
1214,4154.6885694729635,0.0,0.0,0
1215,4158.110882956878,0.0,0.0,0
1216,4161.533196440794,0.0,0.0,0
1217,4164.955509924709,0.0,0.0,0
1218,4168.377823408624,0.0,0.0,0
1219,4171.80013689254,0.0,0.0,0
1220,4175.222450376455,0.0,0.0,0
1221,4178.6447638603695,0.0,0.0,0
1222,4182.067077344284,0.0,0.0,0
1223,4185.4893908282,0.0,0.0,0
1224,4188.911704312115,0.0,0.0,0
1225,4192.33401779603,0.0,0.0,0
1226,4195.756331279945,0.0,0.0,0
1227,4199.178644763861,0.0,0.0,0
1228,4202.600958247775,0.0,0.0,0
1229,4206.02327173169,0.0,0.0,0
1230,4209.445585215606,0.0,0.0,0
1231,4212.867898699521,0.0,0.0,0
1232,4216.290212183436,0.0,0.0,0
1233,4219.712525667351,0.0,0.0,0
1234,4223.1348391512665,0.0,0.0,0
1235,4226.557152635181,0.0,0.0,0
1236,4229.979466119096,0.0,0.0,0
1237,4233.401779603011,0.0,0.0,0
1238,4236.824093086927,0.0,0.0,0
1239,4240.246406570842,0.0,0.0,0
1240,4243.668720054757,0.0,0.0,0
1241,4247.0910335386725,0.0,0.0,0
1242,4250.513347022587,0.0,0.0,0
1243,4253.935660506502,0.0,0.0,0
1244,4257.357973990417,0.0,0.0,0
1245,4260.780287474333,0.0,0.0,0
1246,4264.202600958248,0.0,0.0,0
1247,4267.624914442163,0.0,0.0,0
1248,4271.0472279260775,0.0,0.0,0
1249,4274.469541409993,0.0,0.0,0
1250,4277.891854893908,0.0,0.0,0
1251,4281.314168377823,0.0,0.0,0
1252,4284.736481861739,0.0,0.0,0
1253,4288.158795345654,0.0,0.0,0
1254,4291.581108829569,0.0,0.0,0
1255,4295.0034223134835,0.0,0.0,0
1256,4298.425735797399,0.0,0.0,0
1257,4301.848049281314,0.0,0.0,0
1258,4305.270362765229,0.0,0.0,0
1259,4308.692676249144,0.0,0.0,0
1260,4312.11498973306,0.0,0.0,0
1261,4315.537303216975,0.0,0.0,0
1262,4318.9596167008895,0.0,0.0,0
1263,4322.381930184805,0.0,0.0,0
1264,4325.80424366872,0.0,0.0,0
1265,4329.226557152635,0.0,0.0,0
1266,4332.64887063655,0.0,0.0,0
1267,4336.071184120466,0.0,0.0,0
1268,4339.4934976043805,0.0,0.0,0
1269,4342.915811088295,0.0,0.0,0
1270,4346.338124572211,0.0,0.0,0
1271,4349.760438056126,0.0,0.0,0
1272,4353.182751540041,0.0,0.0,0
1273,4356.605065023956,0.0,0.0,0
1274,4360.027378507872,0.0,0.0,0
1275,4363.4496919917865,0.0,0.0,0
1276,4366.872005475701,0.0,0.0,0
1277,4370.294318959616,0.0,0.0,0
1278,4373.716632443532,0.0,0.0,0
1279,4377.138945927447,0.0,0.0,0
1280,4380.561259411362,0.0,0.0,0
1281,4383.983572895278,0.0,0.0,0
1282,4387.405886379192,0.0,0.0,0
1283,4390.828199863107,0.0,0.0,0
1284,4394.250513347022,0.0,0.0,0
1285,4397.672826830938,0.0,0.0,0
1286,4401.095140314853,0.0,0.0,0
1287,4404.517453798768,0.0,0.0,0
1288,4407.939767282683,0.0,0.0,0
1289,4411.362080766598,0.0,0.0,0
1290,4414.784394250513,0.0,0.0,0
1291,4418.206707734428,0.0,0.0,0
1292,4421.629021218344,0.0,0.0,0
1293,4425.051334702259,0.0,0.0,0
1294,4428.473648186174,0.0,0.0,0
1295,4431.895961670089,0.0,0.0,0
1296,4435.318275154004,0.0,0.0,0
1297,4438.740588637919,0.0,0.0,0
1298,4442.162902121834,0.0,0.0,0
1299,4445.585215605749,0.0,0.0,0
1300,4449.007529089665,0.0,0.0,0
1301,4452.42984257358,0.0,0.0,0
1302,4455.8521560574945,0.0,0.0,0
1303,4459.27446954141,0.0,0.0,0
1304,4462.696783025325,0.0,0.0,0
1305,4466.11909650924,0.0,0.0,0
1306,4469.541409993155,0.0,0.0,0
1307,4472.963723477071,0.0,0.0,0
1308,4476.386036960986,0.0,0.0,0
1309,4479.8083504449005,0.0,0.0,0
1310,4483.230663928815,0.0,0.0,0
1311,4486.652977412731,0.0,0.0,0
1312,4490.075290896646,0.0,0.0,0
1313,4493.497604380561,0.0,0.0,0
1314,4496.919917864477,0.0,0.0,0
1315,4500.342231348392,0.0,0.0,0
1316,4503.7645448323065,0.0,0.0,0
1317,4507.186858316221,0.0,0.0,0
1318,4510.609171800137,0.0,0.0,0
1319,4514.031485284052,0.0,0.0,0
1320,4517.453798767967,0.0,0.0,0
1321,4520.876112251883,0.0,0.0,0
1322,4524.2984257357975,0.0,0.0,0
1323,4527.720739219712,0.0,0.0,0
1324,4531.143052703627,0.0,0.0,0
1325,4534.565366187543,0.0,0.0,0
1326,4537.987679671458,0.0,0.0,0
1327,4541.409993155373,0.0,0.0,0
1328,4544.832306639288,0.0,0.0,0
1329,4548.2546201232035,0.0,0.0,0
1330,4551.676933607118,0.0,0.0,0
1331,4555.099247091033,0.0,0.0,0
1332,4558.521560574949,0.0,0.0,0
1333,4561.943874058864,0.0,0.0,0
1334,4565.366187542779,0.0,0.0,0
1335,4568.788501026694,0.0,0.0,0
1336,4572.210814510609,0.0,0.0,0
1337,4575.633127994524,0.0,0.0,0
1338,4579.055441478439,0.0,0.0,0
1339,4582.477754962354,0.0,0.0,0
1340,4585.90006844627,0.0,0.0,0
1341,4589.322381930185,0.0,0.0,0
1342,4592.7446954141,0.0,0.0,0
1343,4596.167008898015,0.0,0.0,0
1344,4599.58932238193,0.0,0.0,0
1345,4603.011635865845,0.0,0.0,0
1346,4606.43394934976,0.0,0.0,0
1347,4609.856262833676,0.0,0.0,0
1348,4613.278576317591,0.0,0.0,0
1349,4616.700889801506,0.0,0.0,0
1350,4620.1232032854205,0.0,0.0,0
1351,4623.545516769336,0.0,0.0,0
1352,4626.967830253251,0.0,0.0,0
1353,4630.390143737166,0.0,0.0,0
1354,4633.812457221082,0.0,0.0,0
1355,4637.234770704997,0.0,0.0,0
1356,4640.6570841889115,0.0,0.0,0
1357,4644.079397672826,0.0,0.0,0
1358,4647.501711156742,0.0,0.0,0
1359,4650.924024640657,0.0,0.0,0
1360,4654.346338124572,0.0,0.0,0
1361,4657.768651608487,0.0,0.0,0
1362,4661.190965092403,0.0,0.0,0
1363,4664.6132785763175,0.0,0.0,0
1364,4668.035592060232,0.0,0.0,0
1365,4671.457905544148,0.0,0.0,0
1366,4674.880219028063,0.0,0.0,0
1367,4678.302532511978,0.0,0.0,0
1368,4681.724845995893,0.0,0.0,0
1369,4685.147159479809,0.0,0.0,0
1370,4688.5694729637235,0.0,0.0,0
1371,4691.991786447638,0.0,0.0,0
1372,4695.414099931553,0.0,0.0,0
1373,4698.836413415469,0.0,0.0,0
1374,4702.258726899384,0.0,0.0,0
1375,4705.681040383299,0.0,0.0,0
1376,4709.1033538672145,0.0,0.0,0
1377,4712.525667351129,0.0,0.0,0
1378,4715.947980835044,0.0,0.0,0
1379,4719.370294318959,0.0,0.0,0
1380,4722.792607802875,0.0,0.0,0
1381,4726.21492128679,0.0,0.0,0
1382,4729.637234770705,0.0,0.0,0
1383,4733.0595482546205,0.0,0.0,0
1384,4736.481861738535,0.0,0.0,0
1385,4739.90417522245,0.0,0.0,0
1386,4743.326488706365,0.0,0.0,0
1387,4746.748802190281,0.0,0.0,0
1388,4750.171115674196,0.0,0.0,0
1389,4753.593429158111,0.0,0.0,0
1390,4757.0157426420255,0.0,0.0,0
1391,4760.438056125941,0.0,0.0,0
1392,4763.860369609856,0.0,0.0,0
1393,4767.282683093771,0.0,0.0,0
1394,4770.704996577687,0.0,0.0,0
1395,4774.127310061602,0.0,0.0,0
1396,4777.549623545517,0.0,0.0,0
1397,4780.9719370294315,0.0,0.0,0
1398,4784.394250513347,0.0,0.0,0
1399,4787.816563997262,0.0,0.0,0
1400,4791.238877481177,0.0,0.0,0
1401,4794.661190965092,0.0,0.0,0
1402,4798.083504449008,0.0,0.0,0
1403,4801.505817932923,0.0,0.0,0
1404,4804.9281314168375,0.0,0.0,0
1405,4808.350444900753,0.0,0.0,0
1406,4811.772758384668,0.0,0.0,0
1407,4815.195071868583,0.0,0.0,0
1408,4818.617385352498,0.0,0.0,0
1409,4822.039698836414,0.0,0.0,0
1410,4825.4620123203285,0.0,0.0,0
1411,4828.884325804243,0.0,0.0,0
1412,4832.306639288158,0.0,0.0,0
1413,4835.728952772074,0.0,0.0,0
1414,4839.151266255989,0.0,0.0,0
1415,4842.573579739904,0.0,0.0,0
1416,4845.99589322382,0.0,0.0,0
1417,4849.4182067077345,0.0,0.0,0
1418,4852.840520191649,0.0,0.0,0
1419,4856.262833675564,0.0,0.0,0
1420,4859.68514715948,0.0,0.0,0
1421,4863.107460643395,0.0,0.0,0
1422,4866.52977412731,0.0,0.0,0
1423,4869.952087611225,0.0,0.0,0
1424,4873.3744010951405,0.0,0.0,0
1425,4876.796714579055,0.0,0.0,0
1426,4880.21902806297,0.0,0.0,0
1427,4883.641341546886,0.0,0.0,0
1428,4887.063655030801,0.0,0.0,0
1429,4890.485968514716,0.0,0.0,0
1430,4893.908281998631,0.0,0.0,0
1431,4897.330595482546,0.0,0.0,0
1432,4900.752908966461,0.0,0.0,0
1433,4904.175222450376,0.0,0.0,0
1434,4907.597535934292,0.0,0.0,0
1435,4911.019849418207,0.0,0.0,0
1436,4914.442162902122,0.0,0.0,0
1437,4917.864476386037,0.0,0.0,0
1438,4921.286789869952,0.0,0.0,0
1439,4924.709103353867,0.0,0.0,0
1440,4928.131416837782,0.0,0.0,0
1441,4931.553730321697,0.0,0.0,0
1442,4934.976043805613,0.0,0.0,0
1443,4938.398357289528,0.0,0.0,0
1444,4941.8206707734425,0.0,0.0,0
1445,4945.242984257358,0.0,0.0,0
1446,4948.665297741273,0.0,0.0,0
1447,4952.087611225188,0.0,0.0,0
1448,4955.509924709103,0.0,0.0,0
1449,4958.932238193019,0.0,0.0,0
1450,4962.354551676934,0.0,0.0,0
1451,4965.7768651608485,0.0,0.0,0
1452,4969.199178644763,0.0,0.0,0
1453,4972.621492128679,0.0,0.0,0
1454,4976.043805612594,0.0,0.0,0
1455,4979.466119096509,0.0,0.0,0
1456,4982.888432580425,0.0,0.0,0
1457,4986.31074606434,0.0,0.0,0
1458,4989.7330595482545,0.0,0.0,0
1459,4993.155373032169,0.0,0.0,0
1460,4996.577686516085,0.0,0.0,0
